{"cameraMode":{"drawMode":0,"name":"Shaded","section":"Shading Mode"},"sceneLighting":false,"audioPlay":false,"sceneViewState":{"showFog":true,"showMaterialUpdate":false,"showSkybox":false,"showFlares":true,"showImageEffects":true,"showParticleSystems":true},"in2DMode":false,"pivot":{"x":219.38502502441407,"y":8.743278503417969,"z":273.193603515625},"rotation":{"x":0.08952995389699936,"y":-0.5732325315475464,"z":0.0631994977593422,"w":0.81203293800354},"size":3.000392198562622,"orthographic":false}