{"cameraMode":{"drawMode":0,"name":"Shaded","section":"Shading Mode"},"sceneLighting":true,"audioPlay":false,"sceneViewState":{"showFog":true,"showMaterialUpdate":false,"showSkybox":true,"showFlares":true,"showImageEffects":true,"showParticleSystems":true},"in2DMode":false,"pivot":{"x":218.05841064453126,"y":6.899386882781982,"z":272.7742614746094},"rotation":{"x":0.03746839985251427,"y":-0.8884674310684204,"z":0.0737423300743103,"w":0.4514305591583252},"size":4.534769535064697,"orthographic":false}