{"cameraMode":{"drawMode":0,"name":"Shaded","section":"Shading Mode"},"sceneLighting":true,"audioPlay":false,"sceneViewState":{"showFog":true,"showMaterialUpdate":false,"showSkybox":true,"showFlares":true,"showImageEffects":true,"showParticleSystems":true},"in2DMode":false,"pivot":{"x":218.3902587890625,"y":7.007232666015625,"z":272.2890625},"rotation":{"x":0.03746839985251427,"y":-0.8884674310684204,"z":0.0737423300743103,"w":0.4514305591583252},"size":3.553640127182007,"orthographic":false}