{"cameraMode":{"drawMode":0,"name":"Shaded","section":"Shading Mode"},"sceneLighting":true,"audioPlay":false,"sceneViewState":{"showFog":true,"showMaterialUpdate":false,"showSkybox":true,"showFlares":true,"showImageEffects":true,"showParticleSystems":true},"in2DMode":false,"pivot":{"x":131.27957153320313,"y":142.7714080810547,"z":401.8170471191406},"rotation":{"x":-0.19866463541984559,"y":-0.6357879638671875,"z":0.17408175766468049,"w":-0.7252936363220215},"size":-2.073923349380493,"orthographic":false}