{"cameraMode":{"drawMode":0,"name":"Shaded","section":"Shading Mode"},"sceneLighting":true,"audioPlay":false,"sceneViewState":{"showFog":true,"showMaterialUpdate":false,"showSkybox":true,"showFlares":true,"showImageEffects":true,"showParticleSystems":true},"in2DMode":false,"pivot":{"x":221.12197875976563,"y":7.363811492919922,"z":274.1864318847656},"rotation":{"x":0.08552921563386917,"y":-0.8921341300010681,"z":0.19043953716754914,"w":0.4006580710411072},"size":1.2469652891159058,"orthographic":false}